{"schemaVersion":"1.0","appDefinitionTemplate":{"id":"/providers/Microsoft.PowerApps/apps/","type":"Microsoft.PowerApps/apps","tags":{"primaryDeviceWidth":"1366","primaryDeviceHeight":"768","supportsPortrait":"true","supportsLandscape":"true","primaryFormFactor":"Tablet","showStatusBar":"false","publisherVersion":"3.25103.11","minimumRequiredApiVersion":"2.2.0","hasComponent":"false","hasUnlockedComponent":"false","isUnifiedRootApp":"false","sienaVersion":"20251026T115009Z-3.25103.11.0"},"properties":{"appVersion":"2025-10-26T11:50:09Z","lifeCycleId":"Published","createdByClientVersion":{"major":3,"minor":25103,"build":11,"revision":0,"majorRevision":0,"minorRevision":0},"minClientVersion":{"major":3,"minor":25103,"build":11,"revision":0,"majorRevision":0,"minorRevision":0},"backgroundColor":"RGBA(0,176,240,1)","backgroundImageUri":"/14087455659925190474/Nb43ea008-d184-4271-bc70-af25bdcd04d5-logoSmallFile","displayName":"fiveWaysToBuildPeoplePicker","description":"","aiGeneratedDescription":"Enable users to quickly find and connect with colleagues using intuitive people picker features and integrated email composition tools. Simplify internal communication and collaboration by providing seamless search, selection, and messaging capabilities within a unified interface.","commitMessage":"","appUris":{"documentUri":{"value":"/14087455659925190474/N1c382980-4ed3-474c-8247-2573b3f81b0f-document.msapp"},"imageUris":[],"additionalUris":[{"isSolutionAware":false,"value":"/14087455659925190474/N4569eae3-c335-44bd-ada0-45ba7a651758-identity.json"}]},"createdTime":"0001-01-01T00:00:00Z","lastModifiedTime":"0001-01-01T00:00:00Z","sharedGroupsCount":0,"sharedUsersCount":0,"connectionReferences":{"bfb66a7d-9c16-4cee-b7a3-5486023f8ed7":{"id":"84015f03-72a2-4a9f-b149-4899e0bf9984","displayName":"Office 365 Users","iconUri":"https://conn-afd-prod-endpoint-bmc9bqahasf3grgk.b01.azurefd.net/releases/v1.0.1777/1.0.1777.4410/office365users/icon.png","dataSources":["Office365Users","Office365Users_1"],"dependencies":[],"dependents":[],"parameterHints":{},"parameterHintsV2":{},"isOnPremiseConnection":false,"bypassConsent":false,"dataSets":{},"apiTier":"Standard","isCustomApiConnection":false,"actions":["SearchUser","UserPhoto_V2","SearchUserV2"]},"a5f4a7eb-6fae-4185-87fc-da84247bb1d9":{"id":"fdef9892-a4b3-435f-abb4-3abea1f525a2","displayName":"Office 365 Outlook","iconUri":"https://conn-afd-prod-endpoint-bmc9bqahasf3grgk.b01.azurefd.net/releases/v1.0.1777/1.0.1777.4410/office365/icon.png","dataSources":["Office365Outlook"],"dependencies":[],"dependents":[],"parameterHints":{},"parameterHintsV2":{},"isOnPremiseConnection":false,"bypassConsent":false,"dataSets":{},"apiTier":"Standard","isCustomApiConnection":false,"actions":["SendEmail"]}},"databaseReferences":{},"almMode":"Environment","performanceOptimizationEnabled":true,"canConsumeAppPass":true,"enableModernRuntimeMode":false,"executionRestrictions":{"isTeamsOnly":false,"dataLossPreventionEvaluationResult":{"status":"Compliant","lastEvaluationDate":"2025-10-26T11:50:19.1802669Z","violations":[],"violationsByPolicy":[],"violationErrorMessage":"The app uses the following connectors: shared_office365users, shared_office365."}}},"isAppComponentLibrary":false,"appType":"ClassicCanvasApp","appComponents":[]}}