{"schemaVersion":"1.0","appDefinitionTemplate":{"id":"/providers/Microsoft.PowerApps/apps/","type":"Microsoft.PowerApps/apps","tags":{"primaryDeviceWidth":"1366","primaryDeviceHeight":"768","supportsPortrait":"true","supportsLandscape":"true","primaryFormFactor":"Tablet","showStatusBar":"false","publisherVersion":"3.25103.11","minimumRequiredApiVersion":"2.2.0","hasComponent":"false","hasUnlockedComponent":"false","isUnifiedRootApp":"false","sienaVersion":"20251026T084825Z-3.25103.11.0"},"properties":{"appVersion":"2025-10-26T08:48:25Z","lifeCycleId":"Published","createdByClientVersion":{"major":3,"minor":25103,"build":11,"revision":0,"majorRevision":0,"minorRevision":0},"minClientVersion":{"major":3,"minor":25103,"build":11,"revision":0,"majorRevision":0,"minorRevision":0},"backgroundColor":"RGBA(0,176,240,1)","backgroundImageUri":"/323576171986506144/N36605520-3233-46e4-b833-b6239ab9246e-logoSmallFile","displayName":"Issue tracker 02","description":"","aiGeneratedDescription":"Facilitate efficient issue management by allowing users to create, update, and prioritize issues, assign tasks, monitor progress, and capture essential details. Enhance team collaboration and ensure timely resolution through organized tracking and clear responsibility assignment.","commitMessage":"","appUris":{"documentUri":{"value":"/323576171986506144/N60f8de01-8e46-4e4c-9339-b3329e71b128-document.msapp"},"imageUris":[],"additionalUris":[{"isSolutionAware":false,"value":"/323576171986506144/N9e9828a9-5d86-4580-b81d-2c312e5326ed-identity.json"}]},"createdTime":"0001-01-01T00:00:00Z","lastModifiedTime":"0001-01-01T00:00:00Z","sharedGroupsCount":0,"sharedUsersCount":0,"connectionReferences":{"7183e483-e9ea-419e-91eb-958119526797":{"id":"25107ee7-c07f-4290-9abf-6e24a249434b","displayName":"SharePoint","iconUri":"https://conn-afd-prod-endpoint-bmc9bqahasf3grgk.b01.azurefd.net/v1.0.1769/1.0.1769.4352/sharepointonline/icon.png","dataSources":["Issue tracker 02","Issue Priority 02"],"dependencies":[],"dependents":[],"parameterHints":{},"parameterHintsV2":{},"isOnPremiseConnection":false,"bypassConsent":false,"dataSets":{"https://mngenvmcap638830.sharepoint.com/sites/ghPPTeamSite01":{"dataSources":{"Issue tracker 02":{"tableName":"0f0eab08-6717-44ad-8d2a-5dc8b3aff0c4"},"Issue Priority 02":{"tableName":"98fd0ed2-1789-4f80-8def-9b609f7a87a0"}}}},"apiTier":"Standard","isCustomApiConnection":false,"actions":["providers/PowerPlatform.Governance/Operations/Read","providers/PowerPlatform.Governance/Operations/Write"]}},"databaseReferences":{},"almMode":"Environment","performanceOptimizationEnabled":true,"canConsumeAppPass":true,"enableModernRuntimeMode":false,"executionRestrictions":{"isTeamsOnly":false,"dataLossPreventionEvaluationResult":{"status":"Compliant","lastEvaluationDate":"2025-10-26T08:13:15.1511134Z","violations":[],"violationsByPolicy":[],"violationErrorMessage":"The app uses the following connectors: shared_sharepointonline."}}},"isAppComponentLibrary":false,"appType":"ClassicCanvasApp","appComponents":[]}}